{
  "san-jose": {
    "Central": ["Carmen", "Merced", "Hospital", "Catedral", "Zapote", "San Francisco de Dos Ríos", "San Sebastián", "San Antonio", "Guadalupe", "San Rafael", "San Isidro", "Mata Redonda", "Pavas", "Hatillo", "San José"],
    "Escazú": ["Escazú", "San Antonio", "San Rafael"],
    "Desamparados": ["Desamparados", "San Miguel", "San Juan de Dios", "San Rafael Arriba", "San Antonio", "Frailes", "Patarrá", "San Cristóbal", "Rosario", "Damasco", "San Rafael Abajo"],
    "Puriscal": ["Santiago", "Mercedes Sur", "Barbacoas", "Grifo Alto", "San Rafael", "Candelarita", "Desamparaditos", "San Antonio"],
    "Tarrazú": ["San Marcos", "San Lorenzo", "San Carlos"],
    "Aserrí": ["Aserrí", "Tarbaca", "Vuelta de Jorco", "San Gabriel", "Legua", "Monterrey"],
    "Mora": ["Colón", "Guayabo", "Tabarcia", "Piedras Negras", "Picagres"],
    "Goicoechea": ["Guadalupe", "San Francisco", "Calle Blancos", "Mata de Plátano", "Ipís", "Rancho Redondo", "Purral"],
    "Santa Ana": ["Santa Ana", "Salitral", "Pozos", "Uruca", "Piedades"],
    "Alajuelita": ["Alajuelita", "San Josecito", "San Antonio", "Concepción", "San Felipe"],
    "Vásquez de Coronado": ["San Isidro", "San Rafael", "Dulce Nombre de Jesús", "Patalillo", "Cascajal"],
    "Acosta": ["San Ignacio", "Guaitil", "Palmichal", "Cangrejal"],
    "Tibás": ["San Juan", "Cinco Esquinas", "Anselmo Llorente", "León XIII"],
    "Moravia": ["San Vicente", "San Jerónimo", "La Trinidad"],
    "Montes de Oca": ["San Pedro", "Sabanilla", "Mercedes", "San Rafael"],
    "Turrubares": ["San Pablo", "San Pedro", "San Juan de Mata", "San Luis"],
    "Dota": ["Santa María", "Jardín", "Copey"],
    "Curridabat": ["Curridabat", "Granadilla", "Sánchez"],
    "Pérez Zeledón": ["San Isidro de El General", "El General", "Daniel Flores", "Rivas", "San Pedro", "Platanares", "Pejibaye", "Cajón", "Barú", "Río Nuevo", "Páramo"],
    "León Cortés": ["San Pablo", "San Andrés", "Llano Bonito", "San Isidro", "Santa Cruz", "San Antonio"]
  },
  "alajuela": {
    "Alajuela": ["Alajuela", "San José", "Carrizal", "San Antonio", "Guácima", "San Isidro", "Sabanilla", "San Rafael", "Río Segundo", "Desamparados", "Turrúcares", "Tambor", "La Garita", "Sarapiquí"],
    "San Ramón": ["San Ramón", "Santiago", "San Juan", "Piedades Norte", "Piedades Sur", "San Rafael", "San Isidro", "Ángeles", "Alfaro", "Volio", "Concepción"],
    "Grecia": ["Grecia", "San Isidro", "San José", "San Roque", "Tacares", "Puente de Piedra", "Bolívar"],
    "San Mateo": ["San Mateo", "Desmonte", "Jesús María", "Labrador"],
    "Atenas": ["Atenas", "Jesús", "Mercedes", "San Isidro", "Concepción", "San José", "Santa Eulalia"],
    "Naranjo": ["Naranjo", "San Miguel", "San José", "Cirrí Sur", "San Jerónimo", "San Juan", "El Rosario"],
    "Palmares": ["Palmares", "Zaragoza", "Buenos Aires", "Santiago", "Candelaria", "Esquipulas"],
    "Poás": ["San Pedro", "San Juan", "San Rafael", "Carrillos", "Sabana Redonda"],
    "Orotina": ["Orotina", "El Mastate", "Hacienda Vieja", "Coyolar", "La Ceiba"],
    "San Carlos": ["Quesada", "Florencia", "Buenavista", "Aguas Zarcas", "Venecia", "Pital", "La Fortuna", "La Tigra", "La Palmera", "Venado", "Cutris", "Monterrey", "Pocosol"],
    "Zarcero": ["Zarcero", "Laguna", "Tapezco", "Guadalupe", "Palmira", "Zapote", "Brisas"],
    "Valverde Vega": ["Sarchí Norte", "Sarchí Sur", "Toro Amarillo", "San Pedro", "Rodríguez", "Volio"],
    "Upala": ["Upala", "Aguas Claras", "San José o Pizote", "Delicias", "Dos Ríos", "Yolillal", "Canalete"],
    "Los Chiles": ["Los Chiles", "Caño Negro", "El Amparo", "San Jorge"],
    "Guatuso": ["San Rafael", "Buenavista", "Cote", "Katira"]
  },
  "cartago": {
    "Cartago": ["Oriental", "Occidental", "San Nicolás", "Aguacaliente", "Guadalupe", "Corralillo", "Tierra Blanca"],
    "Paraíso": ["Paraíso", "Santiago", "Orosi", "Cachí"],
    "La Unión": ["Tres Ríos", "San Diego", "San Juan", "San Rafael", "Concepción", "Dulce Nombre", "San Ramón"],
    "Jiménez": ["Juan Viñas", "Tucurrique", "Pejibaye"],
    "Turrialba": ["Turrialba", "La Suiza", "Peralta", "Santa Cruz", "Santa Teresita", "La Isabel", "Chirripó"],
    "Alvarado": ["Pacayas", "Cervantes", "Capellades"],
    "Oreamuno": ["San Rafael", "Cot", "Potrero Cerrado", "Cipreses", "Santa Rosa"]
  },
  "heredia": {
    "Heredia": ["Heredia", "Mercedes", "San Francisco", "Ulloa", "Varablanca"],
    "Barva": ["Barva", "San Pedro", "San Pablo", "San Roque", "Santa Lucía"],
    "Santo Domingo": ["Santo Domingo", "San Vicente", "San Miguel", "Paracito", "Santo Tomás", "Santa Rosa", "Tures", "Pará"],
    "Santa Bárbara": ["Santa Bárbara", "San Pedro", "San Juan", "Jesús", "Santo Domingo", "Puraba"],
    "San Rafael": ["San Rafael", "San Josecito", "Santiago", "Ángeles", "Concepción"],
    "San Isidro": ["San Isidro", "San José", "Concepción", "San Francisco"],
    "Belén": ["San Antonio", "La Ribera", "La Asunción"],
    "Flores": ["San Joaquín", "Barrantes", "Llorente"],
    "San Pablo": ["San Pablo", "Rincón de Sabanilla", "Río Segundo"]
  },
  "guanacaste": {
    "Liberia": ["Liberia", "Cañas Dulces", "Mayorga", "Nacascolo", "Curubandé"],
    "Nicoya": ["Nicoya", "Mansión", "San Antonio", "Quebrada Honda", "Sámara", "Nosara"],
    "Santa Cruz": ["Santa Cruz", "Bolsón", "Veintisiete de Abril", "Tempate", "Cartagena", "Cuajiniquil", "Diriá", "Belén", "Tamarindo"],
    "Bagaces": ["Bagaces", "La Fortuna", "Mogote", "Río Naranjo"],
    "Carrillo": ["Filadelfia", "Palmira", "Sardinal", "Belén"],
    "Cañas": ["Cañas", "Palmira", "San Miguel", "Bebedero", "Porozal"],
    "Abangares": ["Las Juntas", "Sierra", "San Juan", "Colorado"],
    "Tilarán": ["Tilarán", "Quebrada Grande", "Tronadora", "Santa Rosa", "Líbano", "Tierras Morenas", "Arenal"],
    "Nandayure": ["Carmona", "Santa Rita", "Zapotal", "San Pablo", "Porvenir"],
    "La Cruz": ["La Cruz", "Santa Cecilia", "Garita", "Santa Elena"],
    "Hojancha": ["Hojancha", "Monte Romo", "Puerto Carrillo", "Huacas"]
  },
  "puntarenas": {
    "Puntarenas": ["Puntarenas", "Pitahaya", "Chomes", "Lepanto", "Paquera", "Manzanillo", "Guacimal", "Barranca", "Monte Verde", "Isla del Coco"],
    "Esparza": ["Esparza", "Bebedero", "Macacona", "San Juan Grande", "Caldera"],
    "Buenos Aires": ["Buenos Aires", "Volcán", "Potrero Grande", "Boruca", "Pilas", "Colinas", "Chánguena", "Biolley", "Brunka"],
    "Montes de Oro": ["Miramar", "La Unión", "San Isidro"],
    "Osa": ["Ciudad Cortés", "Palmar", "Sierpe", "Bahía Ballena", "Piedras Blancas", "Bahía Drake"],
    "Golfito": ["Golfito", "Puerto Jiménez", "Guaycará"],
    "Coto Brus": ["San Vito", "Sabalito", "Agua Buena", "Limoncito", "Pittier"],
    "Parrita": ["Parrita"],
    "Corredores": ["Corredores", "La Cuesta", "Canoas", "Laurel"],
    "Garabito": ["Jacó", "Tárcoles"]
  },
  "limon": {
    "Limón": ["Limón", "Valle La Estrella", "Río Blanco", "Matama"],
    "Pococí": ["Guápiles", "Jiménez", "La Rita", "Roxana", "Cariari", "Colorado"],
    "Siquirres": ["Siquirres", "Pacuarito", "Florida", "Germania", "Cairo"],
    "Talamanca": ["Bratsi", "Sixaola", "Cahuita", "Telire"],
    "Matina": ["Matina", "Batán", "Carrandi"],
    "Guácimo": ["Guácimo", "Mercedes", "Pocora"]
  }
}